mapX,mapY,sourceX,sourceY
-79.82865592,43.24795355,2600,-3200
-79.82983610,43.24492132, 2400,-3600
-79.81962224,43.2424829,3600,-4100
-79.81606027,43.25136072,4000,-2700